episode,completion_rate,episode_reward,unfinished_tasks,agent_epsilon
0,0.56,-10.399999999999999,11,1.0
1,0.5625,-3.552713678800501e-15,10,0.9322301194154049
2,0.6078431372549019,-29.999999999999996,15,0.8142285204175609
3,0.6274509803921569,-7.433333333333333,11,0.7111635524897149
4,0.6122448979591837,-15.333333333333332,15,0.6211445383053219
5,0.5238095238095238,-38.266666666666666,22,0.5344229416520513
6,0.5306122448979592,-34.93333333333333,16,0.47622912292284103
7,0.5531914893617021,-12.166666666666666,12,0.42650460709830135
8,0.5434782608695652,-10.23333333333333,9,0.38389143477919885
9,0.48148148148148145,-27.499999999999996,19,0.3420891339682016
10,0.45161290322580644,-85.13333333333333,32,0.3033145315372582
11,0.2318840579710145,-251.60000000000002,44,0.2827589419554058
12,0.30158730158730157,-171.5666666666667,35,0.2609670281126685
13,0.4716981132075472,-32.26666666666667,18,0.23371867538818816
14,0.5652173913043478,-11.099999999999998,9,0.21142436319205632
15,0.5576923076923077,-16.93333333333333,16,0.18559023879528855
16,0.5660377358490566,-27.933333333333326,17,0.16291280823111093
17,0.36764705882352944,-132.03333333333333,32,0.14663577052834775
18,0.35294117647058826,-98.63333333333334,32,0.13264825480308728
19,0.423728813559322,-27.46666666666667,21,0.11879805134519765
20,0.543859649122807,-25.833333333333336,18,0.1042820154910064
21,0.4444444444444444,-67.76666666666665,30,0.09339361644125409
22,0.4791666666666667,-40.400000000000006,20,0.08533607153708872
23,0.4594594594594595,-20.5,14,0.07915509187866444
24,0.5121951219512195,-31.9,14,0.07196434741762824
25,0.41818181818181815,-49.36666666666667,23,0.06575561514114299
26,0.5344827586206896,-25.099999999999998,19,0.05772088009124167
27,0.58,-20.633333333333333,14,0.05092252885731386
28,0.4782608695652174,-53.33333333333332,19,0.04676299685992172
29,0.6170212765957447,-10.899999999999999,13,0.04104898613852031
30,0.5686274509803921,-13.166666666666668,14,0.03621424652392737
31,0.6458333333333334,-9.433333333333334,13,0.03147209942303359
32,0.5901639344262295,-27.200000000000003,18,0.02694270634579598
33,0.4838709677419355,-34.9,22,0.023650553933395897
34,0.6153846153846154,-11.9,12,0.020553584742122436
35,0.4426229508196721,-57.96666666666665,23,0.018223908064988973
36,0.4716981132075472,-43.73333333333334,19,0.0164031105360144
37,0.5319148936170213,-31.933333333333337,17,0.01476423357148172
38,0.5,-36.36666666666666,22,0.013222655514775413
39,0.5238095238095238,-18.666666666666664,15,0.01208186940302195
40,0.5254237288135594,-27.433333333333337,17,0.010605575411209664
41,0.625,-16.633333333333333,12,0.00998645168764533
42,0.4716981132075472,-42.96666666666667,22,0.00998645168764533
43,0.4423076923076923,-36.233333333333334,20,0.00998645168764533
44,0.5918367346938775,-18.266666666666666,14,0.00998645168764533
45,0.5471698113207547,-24.46666666666666,17,0.00998645168764533
46,0.5681818181818182,-13.000000000000002,10,0.00998645168764533
47,0.5555555555555556,-35.46666666666666,18,0.00998645168764533
48,0.7021276595744681,4.733333333333334,7,0.00998645168764533
49,0.5192307692307693,-29.633333333333333,17,0.00998645168764533
50,0.6122448979591837,6.699999999999999,7,0.00998645168764533
51,0.509090909090909,-37.26666666666666,19,0.00998645168764533
52,0.627906976744186,-5.133333333333335,10,0.00998645168764533
53,0.5714285714285714,-0.866666666666668,12,0.00998645168764533
54,0.4727272727272727,-33.06666666666666,21,0.00998645168764533
55,0.5833333333333334,-21.5,18,0.00998645168764533
56,0.5094339622641509,-15.166666666666668,16,0.00998645168764533
57,0.5102040816326531,-19.9,15,0.00998645168764533
58,0.6818181818181818,8.133333333333335,5,0.00998645168764533
59,0.5384615384615384,-12.266666666666666,14,0.00998645168764533
60,0.5116279069767442,-17.566666666666663,16,0.00998645168764533
61,0.574468085106383,-1.6333333333333342,9,0.00998645168764533
62,0.5263157894736842,-39.1,20,0.00998645168764533
63,0.5079365079365079,-34.266666666666666,20,0.00998645168764533
64,0.5,-53.29999999999998,22,0.00998645168764533
65,0.5555555555555556,-10.233333333333334,16,0.00998645168764533
66,0.5333333333333333,-15.766666666666664,16,0.00998645168764533
67,0.509090909090909,-23.233333333333334,18,0.00998645168764533
68,0.5882352941176471,-19.43333333333333,17,0.00998645168764533
69,0.7045454545454546,6.066666666666666,4,0.00998645168764533
70,0.6382978723404256,8.333333333333334,7,0.00998645168764533
71,0.6326530612244898,-2.8000000000000003,10,0.00998645168764533
72,0.7804878048780488,13.433333333333334,3,0.00998645168764533
73,0.56,-14.2,14,0.00998645168764533
74,0.5535714285714286,-11.899999999999999,13,0.00998645168764533
75,0.5370370370370371,-26.200000000000003,18,0.00998645168764533
76,0.5901639344262295,-26.266666666666666,20,0.00998645168764533
77,0.6041666666666666,-17.666666666666668,14,0.00998645168764533
78,0.5740740740740741,-8.533333333333333,12,0.00998645168764533
79,0.6521739130434783,-10.4,12,0.00998645168764533
80,0.5652173913043478,-18.133333333333333,13,0.00998645168764533
81,0.509090909090909,-30.133333333333333,18,0.00998645168764533
82,0.43478260869565216,-61.86666666666666,30,0.00998645168764533
83,0.4264705882352941,-54.46666666666666,28,0.00998645168764533
84,0.5686274509803921,-6.066666666666664,13,0.00998645168764533
85,0.7857142857142857,3.1333333333333337,5,0.00998645168764533
86,0.47058823529411764,-49.766666666666666,27,0.00998645168764533
87,0.4603174603174603,-47.13333333333333,27,0.00998645168764533
88,0.5384615384615384,-22.333333333333336,16,0.00998645168764533
89,0.7045454545454546,-6.533333333333331,8,0.00998645168764533
90,0.5660377358490566,-29.5,18,0.00998645168764533
91,0.5471698113207547,-25.43333333333333,19,0.00998645168764533
92,0.5555555555555556,-18.7,17,0.00998645168764533
93,0.6181818181818182,-0.8666666666666645,9,0.00998645168764533
94,0.49056603773584906,-16.799999999999997,17,0.00998645168764533
95,0.6078431372549019,0.5666666666666682,10,0.00998645168764533
96,0.5714285714285714,-23.466666666666665,18,0.00998645168764533
97,0.509090909090909,-19.733333333333334,15,0.00998645168764533
98,0.6274509803921569,-15.666666666666666,13,0.00998645168764533
99,0.47540983606557374,-42.133333333333326,24,0.00998645168764533
100,0.6382978723404256,-7.099999999999998,11,0.00998645168764533
101,0.484375,-41.0,24,0.00998645168764533
102,0.5636363636363636,-13.2,13,0.00998645168764533
103,0.5714285714285714,-21.733333333333334,17,0.00998645168764533
104,0.7209302325581395,2.7666666666666693,7,0.00998645168764533
105,0.5178571428571429,-27.6,19,0.00998645168764533
106,0.56,-25.666666666666668,17,0.00998645168764533
107,0.5254237288135594,-25.566666666666666,17,0.00998645168764533
108,0.46153846153846156,-34.56666666666666,20,0.00998645168764533
109,0.5,-29.366666666666667,19,0.00998645168764533
110,0.6037735849056604,-1.1333333333333337,8,0.00998645168764533
111,0.5714285714285714,-28.099999999999998,18,0.00998645168764533
112,0.6382978723404256,3.4333333333333345,8,0.00998645168764533
113,0.6444444444444445,6.100000000000003,8,0.00998645168764533
114,0.6444444444444445,-2.4,9,0.00998645168764533
115,0.5660377358490566,-14.433333333333334,15,0.00998645168764533
116,0.5535714285714286,-32.266666666666666,19,0.00998645168764533
117,0.4782608695652174,-52.833333333333336,23,0.00998645168764533
118,0.62,6.233333333333336,7,0.00998645168764533
119,0.5166666666666667,-49.86666666666667,23,0.00998645168764533
120,0.6415094339622641,-10.166666666666664,12,0.00998645168764533
121,0.543859649122807,-38.66666666666667,19,0.00998645168764533
122,0.6,-11.033333333333331,13,0.00998645168764533
123,0.47058823529411764,-65.0,27,0.00998645168764533
124,0.5882352941176471,-2.0999999999999988,11,0.00998645168764533
125,0.5454545454545454,-17.7,15,0.00998645168764533
126,0.7619047619047619,16.23333333333333,2,0.00998645168764533
127,0.58,1.8666666666666671,9,0.00998645168764533
128,0.54,-19.266666666666666,18,0.00998645168764533
129,0.5818181818181818,-34.733333333333334,18,0.00998645168764533
130,0.5660377358490566,-13.233333333333334,13,0.00998645168764533
131,0.49122807017543857,-55.000000000000014,24,0.00998645168764533
132,0.6744186046511628,-1.3666666666666654,8,0.00998645168764533
133,0.6,-12.233333333333334,13,0.00998645168764533
134,0.7317073170731707,15.700000000000003,1,0.00998645168764533
135,0.5357142857142857,-33.133333333333326,19,0.00998645168764533
136,0.6923076923076923,-4.0,12,0.00998645168764533
137,0.64,-0.7333333333333343,11,0.00998645168764533
138,0.484375,-50.9,25,0.00998645168764533
139,0.5384615384615384,-15.733333333333333,14,0.00998645168764533
140,0.6041666666666666,-5.866666666666669,12,0.00998645168764533
141,0.6875,7.966666666666667,9,0.00998645168764533
142,0.6666666666666666,-2.199999999999995,13,0.00998645168764533
143,0.4838709677419355,-48.6,26,0.00998645168764533
144,0.5,-33.3,21,0.00998645168764533
145,0.5576923076923077,-11.5,16,0.00998645168764533
146,0.6,-10.233333333333334,13,0.00998645168764533
147,0.5081967213114754,-30.866666666666667,22,0.00998645168764533
148,0.6,-7.0,12,0.00998645168764533
149,0.6,-5.833333333333333,12,0.00998645168764533
150,0.5471698113207547,-15.433333333333332,16,0.00998645168764533
151,0.49056603773584906,-20.933333333333334,18,0.00998645168764533
152,0.5535714285714286,-35.83333333333333,23,0.00998645168764533
153,0.6739130434782609,-4.699999999999999,13,0.00998645168764533
154,0.7804878048780488,11.100000000000005,6,0.00998645168764533
155,0.6,-2.8666666666666645,11,0.00998645168764533
156,0.5,-40.83333333333334,23,0.00998645168764533
157,0.5660377358490566,-6.833333333333332,13,0.00998645168764533
158,0.5686274509803921,-27.53333333333333,19,0.00998645168764533
159,0.5294117647058824,-4.6666666666666625,13,0.00998645168764533
160,0.5882352941176471,4.966666666666667,8,0.00998645168764533
161,0.5333333333333333,-21.26666666666667,17,0.00998645168764533
162,0.5178571428571429,-39.3,19,0.00998645168764533
163,0.5384615384615384,-24.166666666666664,16,0.00998645168764533
164,0.543859649122807,-19.799999999999997,18,0.00998645168764533
165,0.31343283582089554,-122.86666666666667,31,0.00998645168764533
166,0.36065573770491804,-159.0,35,0.00998645168764533
167,0.5555555555555556,-29.799999999999994,18,0.00998645168764533
168,0.5517241379310345,-22.03333333333333,18,0.00998645168764533
169,0.6,-4.066666666666666,10,0.00998645168764533
170,0.5434782608695652,-17.633333333333333,13,0.00998645168764533
171,0.4727272727272727,-43.1,22,0.00998645168764533
172,0.5510204081632653,-10.999999999999998,12,0.00998645168764533
173,0.6097560975609756,-1.7666666666666653,10,0.00998645168764533
174,0.54,-8.133333333333333,11,0.00998645168764533
175,0.4915254237288136,-42.96666666666666,24,0.00998645168764533
176,0.421875,-73.9,27,0.00998645168764533
177,0.4528301886792453,-53.56666666666666,20,0.00998645168764533
178,0.2127659574468085,-150.9,33,0.00998645168764533
179,0.6818181818181818,1.0,10,0.00998645168764533
180,0.5102040816326531,-31.66666666666666,19,0.00998645168764533
181,0.6078431372549019,3.0666666666666664,9,0.00998645168764533
182,0.4915254237288136,-74.73333333333333,24,0.00998645168764533
183,0.43636363636363634,-97.66666666666666,27,0.00998645168764533
184,0.5178571428571429,-37.266666666666666,19,0.00998645168764533
185,0.5306122448979592,-36.4,17,0.00998645168764533
186,0.4,-104.26666666666664,34,0.00998645168764533
187,0.5531914893617021,-25.2,15,0.00998645168764533
188,0.45454545454545453,-43.43333333333334,22,0.00998645168764533
189,0.5135135135135135,-5.066666666666665,10,0.00998645168764533
190,0.5555555555555556,-24.366666666666667,18,0.00998645168764533
191,0.4117647058823529,-71.06666666666666,26,0.00998645168764533
192,0.36923076923076925,-86.86666666666666,31,0.00998645168764533
193,0.2127659574468085,-149.9,33,0.00998645168764533
194,0.17543859649122806,-207.9,39,0.00998645168764533
195,0.1864406779661017,-210.20000000000005,38,0.00998645168764533
196,0.4117647058823529,-35.766666666666666,19,0.00998645168764533
197,0.5882352941176471,-18.266666666666666,14,0.00998645168764533
198,0.4603174603174603,-56.566666666666656,25,0.00998645168764533
199,0.5636363636363636,-37.93333333333333,18,0.00998645168764533
200,0.5384615384615384,-36.63333333333333,20,0.00998645168764533
201,0.48214285714285715,-35.166666666666664,21,0.00998645168764533
202,0.5087719298245614,-29.499999999999996,16,0.00998645168764533
203,0.5166666666666667,-28.9,20,0.00998645168764533
204,0.5714285714285714,-11.966666666666667,12,0.00998645168764533
205,0.543859649122807,-32.9,20,0.00998645168764533
206,0.6428571428571429,-6.1000000000000005,11,0.00998645168764533
207,0.5087719298245614,-39.1,21,0.00998645168764533
208,0.6153846153846154,-6.3,12,0.00998645168764533
209,0.5384615384615384,-17.333333333333336,17,0.00998645168764533
210,0.5185185185185185,-28.799999999999997,17,0.00998645168764533
211,0.41379310344827586,-57.099999999999994,26,0.00998645168764533
212,0.65,-1.0,6,0.00998645168764533
213,0.5208333333333334,-31.0,21,0.00998645168764533
214,0.5087719298245614,-44.09999999999999,20,0.00998645168764533
215,0.36363636363636365,-90.76666666666667,32,0.00998645168764533
216,0.6326530612244898,-12.933333333333334,10,0.00998645168764533
217,0.6382978723404256,-5.2333333333333325,10,0.00998645168764533
218,0.46296296296296297,-33.36666666666667,19,0.00998645168764533
219,0.6923076923076923,8.56666666666667,7,0.00998645168764533
220,0.6,-15.866666666666664,13,0.00998645168764533
221,0.4482758620689655,-51.93333333333332,23,0.00998645168764533
222,0.36065573770491804,-83.43333333333332,27,0.00998645168764533
223,0.43636363636363634,-47.499999999999986,22,0.00998645168764533
224,0.3877551020408163,-54.66666666666665,22,0.00998645168764533
225,0.5294117647058824,-16.766666666666666,17,0.00998645168764533
226,0.46511627906976744,-33.03333333333334,17,0.00998645168764533
227,0.38333333333333336,-81.96666666666664,30,0.00998645168764533
228,0.5531914893617021,-25.166666666666668,15,0.00998645168764533
229,0.4,-68.73333333333332,26,0.00998645168764533
230,0.47368421052631576,-47.066666666666656,22,0.00998645168764533
231,0.43859649122807015,-68.69999999999997,23,0.00998645168764533
232,0.375,-76.19999999999999,27,0.00998645168764533
233,0.5294117647058824,-41.666666666666664,20,0.00998645168764533
234,0.35714285714285715,-85.6,31,0.00998645168764533
235,0.3448275862068966,-93.7333333333333,32,0.00998645168764533
236,0.42857142857142855,-62.93333333333333,25,0.00998645168764533
237,0.49019607843137253,-30.633333333333333,20,0.00998645168764533
238,0.4423076923076923,-41.1,22,0.00998645168764533
239,0.34545454545454546,-76.56666666666666,28,0.00998645168764533
240,0.2923076923076923,-106.99999999999999,35,0.00998645168764533
241,0.36666666666666664,-86.5,30,0.00998645168764533
242,0.5625,-24.366666666666667,17,0.00998645168764533
243,0.5283018867924528,-22.1,15,0.00998645168764533
244,0.5333333333333333,-16.33333333333333,13,0.00998645168764533
245,0.5,-50.86666666666667,22,0.00998645168764533
246,0.47368421052631576,-44.0,23,0.00998645168764533
247,0.6428571428571429,-7.3999999999999995,10,0.00998645168764533
248,0.6046511627906976,4.466666666666669,7,0.00998645168764533
249,0.6666666666666666,-2.2333333333333316,9,0.00998645168764533
250,0.48214285714285715,-46.13333333333333,22,0.00998645168764533
251,0.4909090909090909,-28.166666666666664,18,0.00998645168764533
252,0.45901639344262296,-54.99999999999999,25,0.00998645168764533
253,0.5,-25.133333333333333,17,0.00998645168764533
254,0.421875,-105.73333333333332,34,0.00998645168764533
255,0.5094339622641509,-26.4,15,0.00998645168764533
256,0.625,1.066666666666669,10,0.00998645168764533
257,0.38461538461538464,-73.5,29,0.00998645168764533
258,0.4838709677419355,-45.2,23,0.00998645168764533
259,0.5178571428571429,-31.93333333333333,20,0.00998645168764533
260,0.5,-31.6,20,0.00998645168764533
261,0.5740740740740741,-16.333333333333332,15,0.00998645168764533
262,0.52,-6.266666666666666,12,0.00998645168764533
263,0.5555555555555556,-25.900000000000002,18,0.00998645168764533
264,0.5283018867924528,-11.700000000000001,16,0.00998645168764533
265,0.6578947368421053,0.23333333333333073,10,0.00998645168764533
266,0.5094339622641509,-28.366666666666664,20,0.00998645168764533
267,0.5555555555555556,-15.1,17,0.00998645168764533
268,0.49122807017543857,-21.866666666666664,18,0.00998645168764533
269,0.4897959183673469,-15.699999999999998,12,0.00998645168764533
270,0.4489795918367347,-38.166666666666664,22,0.00998645168764533
271,0.4444444444444444,-54.83333333333333,25,0.00998645168764533
272,0.6304347826086957,9.066666666666666,5,0.00998645168764533
273,0.6666666666666666,3.533333333333334,6,0.00998645168764533
274,0.7619047619047619,4.500000000000007,9,0.00998645168764533
275,0.6190476190476191,1.166666666666667,8,0.00998645168764533
276,0.47619047619047616,-44.066666666666656,21,0.00998645168764533
277,0.6808510638297872,3.8333333333333375,9,0.00998645168764533
278,0.5,-25.266666666666666,19,0.00998645168764533
279,0.5576923076923077,-8.566666666666668,12,0.00998645168764533
280,0.6382978723404256,-0.700000000000002,10,0.00998645168764533
281,0.5,-37.86666666666666,22,0.00998645168764533
282,0.5740740740740741,-29.1,20,0.00998645168764533
283,0.5961538461538461,-19.3,16,0.00998645168764533
284,0.5660377358490566,-16.9,16,0.00998645168764533
285,0.6458333333333334,1.2666666666666657,9,0.00998645168764533
286,0.5849056603773585,-4.766666666666664,13,0.00998645168764533
287,0.5652173913043478,-6.533333333333332,14,0.00998645168764533
288,0.6181818181818182,-9.4,13,0.00998645168764533
289,0.6,-8.666666666666666,12,0.00998645168764533
290,0.6363636363636364,1.5999999999999996,8,0.00998645168764533
291,0.5254237288135594,-16.799999999999997,16,0.00998645168764533
292,0.6595744680851063,-2.1333333333333324,11,0.00998645168764533
293,0.6521739130434783,-5.266666666666666,10,0.00998645168764533
294,0.5818181818181818,-13.900000000000002,13,0.00998645168764533
295,0.5660377358490566,-5.366666666666665,13,0.00998645168764533
296,0.5961538461538461,-14.199999999999998,16,0.00998645168764533
297,0.4909090909090909,-20.766666666666666,20,0.00998645168764533
298,0.6521739130434783,2.8000000000000016,9,0.00998645168764533
299,0.5581395348837209,-1.5333333333333332,11,0.00998645168764533
300,0.6363636363636364,3.666666666666668,7,0.00998645168764533
301,0.5576923076923077,-20.166666666666664,18,0.00998645168764533
302,0.5882352941176471,-12.299999999999997,16,0.00998645168764533
303,0.6,-17.966666666666665,18,0.00998645168764533
304,0.5357142857142857,-15.299999999999999,17,0.00998645168764533
305,0.5454545454545454,-8.299999999999999,15,0.00998645168764533
306,0.6744186046511628,6.133333333333333,8,0.00998645168764533
307,0.5172413793103449,-24.466666666666665,17,0.00998645168764533
308,0.5660377358490566,-19.03333333333333,17,0.00998645168764533
309,0.6140350877192983,-16.266666666666666,14,0.00998645168764533
310,0.5,-20.799999999999997,18,0.00998645168764533
311,0.5192307692307693,-3.3999999999999986,11,0.00998645168764533
312,0.5961538461538461,-7.366666666666665,12,0.00998645168764533
313,0.576271186440678,-16.933333333333334,16,0.00998645168764533
314,0.6122448979591837,4.4666666666666694,7,0.00998645168764533
315,0.5625,-22.933333333333334,17,0.00998645168764533
316,0.5614035087719298,-23.933333333333334,20,0.00998645168764533
317,0.5263157894736842,-15.966666666666667,16,0.00998645168764533
318,0.5918367346938775,-5.83333333333333,15,0.00998645168764533
319,0.7073170731707317,16.066666666666663,2,0.00998645168764533
320,0.5272727272727272,-26.433333333333337,20,0.00998645168764533
321,0.484375,-60.59999999999999,27,0.00998645168764533
322,0.509090909090909,-22.266666666666666,17,0.00998645168764533
323,0.7272727272727273,9.200000000000005,5,0.00998645168764533
324,0.5686274509803921,1.2333333333333343,13,0.00998645168764533
325,0.4909090909090909,-17.96666666666667,18,0.00998645168764533
326,0.5818181818181818,-26.46666666666667,17,0.00998645168764533
327,0.62,-3.6666666666666674,12,0.00998645168764533
328,0.5576923076923077,-31.999999999999996,20,0.00998645168764533
329,0.543859649122807,-21.299999999999997,17,0.00998645168764533
330,0.5471698113207547,-25.46666666666666,18,0.00998645168764533
331,0.6666666666666666,3.933333333333332,6,0.00998645168764533
332,0.5714285714285714,-18.999999999999993,15,0.00998645168764533
333,0.46875,-34.266666666666666,21,0.00998645168764533
334,0.5535714285714286,-31.066666666666663,19,0.00998645168764533
335,0.5471698113207547,-20.399999999999995,17,0.00998645168764533
336,0.5151515151515151,-44.63333333333333,24,0.00998645168764533
337,0.7446808510638298,8.733333333333333,4,0.00998645168764533
338,0.6938775510204082,2.833333333333334,7,0.00998645168764533
339,0.6304347826086957,-1.1666666666666705,10,0.00998645168764533
340,0.45,-47.79999999999999,25,0.00998645168764533
341,0.58,-12.566666666666666,13,0.00998645168764533
342,0.5370370370370371,-35.53333333333333,18,0.00998645168764533
343,0.5740740740740741,-30.166666666666664,18,0.00998645168764533
344,0.44285714285714284,-59.333333333333314,27,0.00998645168764533
345,0.5686274509803921,-3.966666666666667,11,0.00998645168764533
346,0.4915254237288136,-43.599999999999994,23,0.00998645168764533
347,0.6226415094339622,-16.199999999999996,14,0.00998645168764533
348,0.4696969696969697,-48.49999999999999,24,0.00998645168764533
349,0.5818181818181818,-25.83333333333333,15,0.00998645168764533
350,0.47540983606557374,-39.06666666666666,22,0.00998645168764533
351,0.6521739130434783,-5.2666666666666675,12,0.00998645168764533
352,0.4918032786885246,-38.06666666666666,20,0.00998645168764533
353,0.49206349206349204,-44.0,24,0.00998645168764533
354,0.5172413793103449,-34.733333333333334,20,0.00998645168764533
355,0.5263157894736842,-25.933333333333334,16,0.00998645168764533
356,0.6037735849056604,-15.566666666666665,15,0.00998645168764533
357,0.5172413793103449,-23.266666666666666,17,0.00998645168764533
358,0.7105263157894737,7.6,6,0.00998645168764533
359,0.5686274509803921,-17.966666666666665,16,0.00998645168764533
360,0.7692307692307693,12.666666666666666,3,0.00998645168764533
361,0.5849056603773585,-12.433333333333334,12,0.00998645168764533
362,0.4807692307692308,-37.833333333333336,22,0.00998645168764533
363,0.5254237288135594,-35.3,18,0.00998645168764533
364,0.5151515151515151,-47.533333333333324,25,0.00998645168764533
365,0.7209302325581395,5.466666666666669,8,0.00998645168764533
366,0.6382978723404256,3.233333333333336,8,0.00998645168764533
367,0.58,-16.599999999999994,14,0.00998645168764533
368,0.56,-2.600000000000004,12,0.00998645168764533
369,0.625,-16.43333333333333,15,0.00998645168764533
370,0.4909090909090909,-26.1,20,0.00998645168764533
371,0.6304347826086957,4.333333333333334,8,0.00998645168764533
372,0.5614035087719298,-12.933333333333335,16,0.00998645168764533
373,0.6226415094339622,-3.3666666666666667,10,0.00998645168764533
374,0.6511627906976745,1.0000000000000018,9,0.00998645168764533
375,0.6304347826086957,-4.566666666666666,9,0.00998645168764533
376,0.5535714285714286,-26.833333333333325,18,0.00998645168764533
377,0.5576923076923077,-17.833333333333336,16,0.00998645168764533
378,0.5384615384615384,-6.033333333333331,13,0.00998645168764533
379,0.4827586206896552,-19.5,18,0.00998645168764533
380,0.5636363636363636,-14.733333333333333,15,0.00998645168764533
381,0.4915254237288136,-31.93333333333333,20,0.00998645168764533
382,0.64,-2.9000000000000004,10,0.00998645168764533
383,0.6274509803921569,-12.533333333333335,15,0.00998645168764533
384,0.7380952380952381,3.900000000000002,6,0.00998645168764533
385,0.5079365079365079,-35.099999999999994,20,0.00998645168764533
386,0.6170212765957447,-6.0666666666666655,12,0.00998645168764533
387,0.625,-10.233333333333334,14,0.00998645168764533
388,0.64,-4.366666666666666,12,0.00998645168764533
389,0.5769230769230769,2.5333333333333314,8,0.00998645168764533
390,0.5081967213114754,-43.06666666666666,24,0.00998645168764533
391,0.4915254237288136,-39.9,23,0.00998645168764533
392,0.6122448979591837,-14.566666666666665,13,0.00998645168764533
393,0.6538461538461539,-10.866666666666667,13,0.00998645168764533
394,0.5925925925925926,-9.73333333333333,13,0.00998645168764533
395,0.7380952380952381,-4.133333333333333,9,0.00998645168764533
396,0.46875,-41.00000000000001,23,0.00998645168764533
397,0.6744186046511628,4.199999999999999,8,0.00998645168764533
398,0.5357142857142857,-23.599999999999998,18,0.00998645168764533
399,0.43548387096774194,-28.999999999999993,20,0.00998645168764533
400,0.5862068965517241,-30.699999999999996,19,0.00998645168764533
401,0.5740740740740741,-25.099999999999994,16,0.00998645168764533
402,0.5918367346938775,1.5,11,0.00998645168764533
403,0.5172413793103449,-14.266666666666666,16,0.00998645168764533
404,0.6521739130434783,-1.2333333333333325,9,0.00998645168764533
405,0.5272727272727272,-18.366666666666667,17,0.00998645168764533
406,0.6363636363636364,-2.4333333333333362,11,0.00998645168764533
407,0.5178571428571429,-36.63333333333333,21,0.00998645168764533
408,0.5454545454545454,-22.266666666666666,18,0.00998645168764533
409,0.5535714285714286,-31.399999999999995,18,0.00998645168764533
410,0.6470588235294118,-13.933333333333334,13,0.00998645168764533
411,0.6,-12.333333333333332,14,0.00998645168764533
412,0.6458333333333334,-3.7333333333333343,10,0.00998645168764533
413,0.4838709677419355,-34.6,22,0.00998645168764533
414,0.7333333333333333,5.199999999999999,9,0.00998645168764533
415,0.6078431372549019,-13.666666666666668,15,0.00998645168764533
416,0.6458333333333334,-13.233333333333334,13,0.00998645168764533
417,0.6458333333333334,-6.833333333333333,12,0.00998645168764533
418,0.5576923076923077,-10.6,12,0.00998645168764533
419,0.543859649122807,-18.5,16,0.00998645168764533
420,0.6326530612244898,-1.3000000000000007,9,0.00998645168764533
421,0.6458333333333334,-3.166666666666667,11,0.00998645168764533
422,0.62,-1.2666666666666693,11,0.00998645168764533
423,0.5,-34.46666666666666,20,0.00998645168764533
424,0.5849056603773585,-9.833333333333334,13,0.00998645168764533
425,0.47368421052631576,-40.53333333333332,23,0.00998645168764533
426,0.6595744680851063,-9.833333333333332,11,0.00998645168764533
427,0.46875,-53.83333333333333,26,0.00998645168764533
428,0.5166666666666667,-29.93333333333333,20,0.00998645168764533
429,0.5263157894736842,-31.700000000000003,21,0.00998645168764533
430,0.5660377358490566,-29.099999999999998,17,0.00998645168764533
431,0.45161290322580644,-71.83333333333333,31,0.00998645168764533
432,0.6363636363636364,-8.366666666666667,11,0.00998645168764533
433,0.5769230769230769,-18.633333333333333,15,0.00998645168764533
434,0.6,-8.266666666666666,11,0.00998645168764533
435,0.6190476190476191,7.233333333333334,7,0.00998645168764533
436,0.6326530612244898,-1.7999999999999998,10,0.00998645168764533
437,0.5869565217391305,-0.7666666666666648,8,0.00998645168764533
438,0.5714285714285714,-13.133333333333335,15,0.00998645168764533
439,0.6,-10.466666666666667,13,0.00998645168764533
440,0.49056603773584906,-33.2,20,0.00998645168764533
441,0.5,-50.73333333333333,26,0.00998645168764533
442,0.6170212765957447,-2.5,9,0.00998645168764533
443,0.6530612244897959,2.2,8,0.00998645168764533
444,0.5918367346938775,-10.633333333333333,13,0.00998645168764533
445,0.4426229508196721,-51.03333333333333,27,0.00998645168764533
446,0.5245901639344263,-12.100000000000001,16,0.00998645168764533
447,0.6756756756756757,9.000000000000002,2,0.00998645168764533
448,0.5263157894736842,-13.033333333333333,15,0.00998645168764533
449,0.6666666666666666,3.7333333333333307,8,0.00998645168764533
450,0.5660377358490566,-20.7,19,0.00998645168764533
451,0.5686274509803921,-27.166666666666664,20,0.00998645168764533
452,0.66,-3.7000000000000006,10,0.00998645168764533
453,0.574468085106383,-7.166666666666664,12,0.00998645168764533
454,0.5740740740740741,-6.300000000000001,13,0.00998645168764533
455,0.6037735849056604,-8.233333333333336,14,0.00998645168764533
456,0.509090909090909,-19.133333333333333,18,0.00998645168764533
457,0.5172413793103449,-30.96666666666667,20,0.00998645168764533
458,0.5384615384615384,-30.26666666666667,19,0.00998645168764533
459,0.5094339622641509,-34.63333333333333,19,0.00998645168764533
460,0.6326530612244898,-3.0333333333333328,10,0.00998645168764533
461,0.46774193548387094,-35.666666666666664,22,0.00998645168764533
462,0.56,-21.7,17,0.00998645168764533
463,0.515625,-35.53333333333333,23,0.00998645168764533
464,0.6041666666666666,-7.966666666666667,13,0.00998645168764533
465,0.5357142857142857,-19.6,18,0.00998645168764533
466,0.5961538461538461,-10.200000000000001,13,0.00998645168764533
467,0.6086956521739131,0.6999999999999993,9,0.00998645168764533
468,0.5849056603773585,-0.4666666666666668,12,0.00998645168764533
469,0.5357142857142857,-16.9,16,0.00998645168764533
470,0.5283018867924528,-20.1,17,0.00998645168764533
471,0.5882352941176471,-6.799999999999998,13,0.00998645168764533
472,0.4827586206896552,-29.766666666666666,21,0.00998645168764533
473,0.52,-21.833333333333332,18,0.00998645168764533
474,0.6511627906976745,9.266666666666671,7,0.00998645168764533
475,0.5849056603773585,-7.899999999999999,12,0.00998645168764533
476,0.6382978723404256,-1.7000000000000002,9,0.00998645168764533
477,0.6041666666666666,-11.966666666666665,14,0.00998645168764533
478,0.55,-17.56666666666667,15,0.00998645168764533
479,0.5576923076923077,-11.066666666666666,13,0.00998645168764533
480,0.675,7.0000000000000036,7,0.00998645168764533
481,0.6226415094339622,-12.700000000000001,14,0.00998645168764533
482,0.7692307692307693,12.166666666666666,4,0.00998645168764533
483,0.62,-11.366666666666665,13,0.00998645168764533
484,0.5,-39.43333333333333,22,0.00998645168764533
485,0.4492753623188406,-60.73333333333332,28,0.00998645168764533
486,0.4745762711864407,-43.46666666666666,24,0.00998645168764533
487,0.5409836065573771,-42.79999999999999,23,0.00998645168764533
488,0.6458333333333334,-0.9333333333333336,8,0.00998645168764533
489,0.5166666666666667,-40.23333333333333,20,0.00998645168764533
490,0.5333333333333333,-19.9,16,0.00998645168764533
491,0.5769230769230769,-16.1,17,0.00998645168764533
492,0.5454545454545454,-30.1,19,0.00998645168764533
493,0.5818181818181818,5.733333333333334,8,0.00998645168764533
494,0.58,-13.066666666666666,13,0.00998645168764533
495,0.6078431372549019,-16.166666666666664,14,0.00998645168764533
496,0.675,4.633333333333336,8,0.00998645168764533
497,0.7111111111111111,4.366666666666665,6,0.00998645168764533
498,0.6818181818181818,-1.0333333333333332,8,0.00998645168764533
499,0.5172413793103449,-24.766666666666666,19,0.00998645168764533
500,0.5769230769230769,-12.599999999999998,13,0.00998645168764533
501,0.5471698113207547,-19.03333333333333,15,0.00998645168764533
502,0.5957446808510638,-24.333333333333332,17,0.00998645168764533
503,0.5714285714285714,-25.800000000000004,17,0.00998645168764533
504,0.4745762711864407,-39.3,21,0.00998645168764533
505,0.6739130434782609,-2.1000000000000005,8,0.00998645168764533
506,0.5957446808510638,-9.23333333333333,11,0.00998645168764533
507,0.5869565217391305,-5.666666666666668,12,0.00998645168764533
508,0.4915254237288136,-39.9,24,0.00998645168764533
509,0.5882352941176471,-8.433333333333334,14,0.00998645168764533
510,0.5357142857142857,-25.73333333333333,17,0.00998645168764533
511,0.5185185185185185,-28.433333333333334,18,0.00998645168764533
512,0.6470588235294118,-8.200000000000001,12,0.00998645168764533
513,0.5,-34.16666666666667,20,0.00998645168764533
514,0.5882352941176471,-9.233333333333333,12,0.00998645168764533
515,0.56,-18.06666666666667,13,0.00998645168764533
516,0.5490196078431373,-7.666666666666666,12,0.00998645168764533
517,0.5263157894736842,-28.666666666666668,19,0.00998645168764533
518,0.5087719298245614,-42.3,23,0.00998645168764533
519,0.5869565217391305,-3.8333333333333326,12,0.00998645168764533
520,0.5384615384615384,-22.033333333333335,17,0.00998645168764533
521,0.5510204081632653,-2.6999999999999975,11,0.00998645168764533
522,0.5161290322580645,-45.93333333333332,23,0.00998645168764533
523,0.5555555555555556,-13.6,13,0.00998645168764533
524,0.6511627906976745,0.7999999999999998,7,0.00998645168764533
525,0.5961538461538461,0.5999999999999988,10,0.00998645168764533
526,0.5882352941176471,-20.700000000000003,16,0.00998645168764533
527,0.5882352941176471,-20.833333333333336,18,0.00998645168764533
528,0.6382978723404256,0.2666666666666666,9,0.00998645168764533
529,0.6595744680851063,2.5666666666666664,7,0.00998645168764533
530,0.5769230769230769,-12.933333333333334,14,0.00998645168764533
531,0.8421052631578947,13.400000000000002,2,0.00998645168764533
532,0.56,-19.733333333333334,15,0.00998645168764533
533,0.7073170731707317,11.333333333333336,5,0.00998645168764533
534,0.5272727272727272,-26.433333333333334,19,0.00998645168764533
535,0.4444444444444444,-38.633333333333326,25,0.00998645168764533
536,0.5185185185185185,-15.533333333333331,16,0.00998645168764533
537,0.5535714285714286,-20.033333333333335,18,0.00998645168764533
538,0.6818181818181818,6.599999999999998,9,0.00998645168764533
539,0.6078431372549019,-8.833333333333332,13,0.00998645168764533
540,0.5882352941176471,-11.933333333333332,14,0.00998645168764533
541,0.6,-12.8,15,0.00998645168764533
542,0.5769230769230769,-6.299999999999999,13,0.00998645168764533
543,0.5,-33.33333333333333,23,0.00998645168764533
544,0.6304347826086957,4.2666666666666675,7,0.00998645168764533
545,0.5769230769230769,-11.166666666666668,14,0.00998645168764533
546,0.4918032786885246,-55.49999999999999,27,0.00998645168764533
547,0.5319148936170213,-14.533333333333333,14,0.00998645168764533
548,0.5576923076923077,-21.56666666666667,17,0.00998645168764533
549,0.5084745762711864,-24.699999999999996,20,0.00998645168764533
550,0.5833333333333334,3.766666666666673,10,0.00998645168764533
551,0.5081967213114754,-33.266666666666666,22,0.00998645168764533
552,0.5230769230769231,-31.83333333333333,20,0.00998645168764533
553,0.6511627906976745,-14.366666666666667,12,0.00998645168764533
554,0.5510204081632653,-14.333333333333336,15,0.00998645168764533
555,0.6829268292682927,-6.1,10,0.00998645168764533
556,0.5869565217391305,1.366666666666668,9,0.00998645168764533
557,0.675,4.2666666666666675,7,0.00998645168764533
558,0.5471698113207547,-24.666666666666668,19,0.00998645168764533
559,0.75,10.733333333333333,6,0.00998645168764533
560,0.56,-22.300000000000004,17,0.00998645168764533
561,0.6,-14.366666666666667,14,0.00998645168764533
562,0.6458333333333334,-5.433333333333334,9,0.00998645168764533
563,0.6744186046511628,-5.2666666666666675,10,0.00998645168764533
564,0.45901639344262296,-44.8,25,0.00998645168764533
565,0.5660377358490566,-14.366666666666664,15,0.00998645168764533
566,0.6222222222222222,0.033333333333333215,8,0.00998645168764533
567,0.6122448979591837,-4.2666666666666675,10,0.00998645168764533
568,0.7111111111111111,2.4333333333333336,7,0.00998645168764533
569,0.5454545454545454,-19.1,15,0.00998645168764533
570,0.6326530612244898,-9.5,10,0.00998645168764533
571,0.5263157894736842,-23.866666666666664,19,0.00998645168764533
572,0.5079365079365079,-33.166666666666664,20,0.00998645168764533
573,0.49206349206349204,-35.73333333333333,20,0.00998645168764533
574,0.4696969696969697,-47.433333333333316,24,0.00998645168764533
575,0.6170212765957447,-0.36666666666666803,10,0.00998645168764533
576,0.4782608695652174,-38.233333333333334,22,0.00998645168764533
577,0.7105263157894737,9.600000000000005,3,0.00998645168764533
578,0.574468085106383,-6.366666666666667,11,0.00998645168764533
579,0.5535714285714286,-19.633333333333333,16,0.00998645168764533
580,0.4461538461538462,-55.93333333333333,27,0.00998645168764533
581,0.6666666666666666,6.2666666666666675,8,0.00998645168764533
582,0.5660377358490566,-16.333333333333332,14,0.00998645168764533
583,0.7045454545454546,4.833333333333334,6,0.00998645168764533
584,0.5961538461538461,-8.366666666666667,13,0.00998645168764533
585,0.509090909090909,-48.133333333333326,23,0.00998645168764533
586,0.6428571428571429,-8.133333333333333,12,0.00998645168764533
587,0.5769230769230769,-29.699999999999996,20,0.00998645168764533
588,0.5636363636363636,-16.46666666666667,15,0.00998645168764533
589,0.543859649122807,-21.53333333333333,17,0.00998645168764533
590,0.5357142857142857,-24.46666666666667,17,0.00998645168764533
591,0.5882352941176471,-4.433333333333334,10,0.00998645168764533
592,0.5254237288135594,-22.03333333333333,18,0.00998645168764533
593,0.5957446808510638,-11.866666666666667,12,0.00998645168764533
594,0.5666666666666667,-28.833333333333332,19,0.00998645168764533
595,0.6153846153846154,-17.866666666666667,17,0.00998645168764533
596,0.5254237288135594,-35.93333333333334,22,0.00998645168764533
597,0.5178571428571429,-3.7333333333333325,12,0.00998645168764533
598,0.5094339622641509,-27.199999999999996,17,0.00998645168764533
599,0.5918367346938775,-15.7,14,0.00998645168764533
600,0.6153846153846154,-8.100000000000001,14,0.00998645168764533
601,0.5344827586206896,-26.999999999999996,20,0.00998645168764533
602,0.5614035087719298,-13.933333333333334,16,0.00998645168764533
603,0.7352941176470589,16.766666666666666,0,0.00998645168764533
604,0.625,-0.8000000000000016,11,0.00998645168764533
605,0.6,-25.266666666666666,19,0.00998645168764533
606,0.5740740740740741,-8.8,11,0.00998645168764533
607,0.5555555555555556,5.433333333333332,7,0.00998645168764533
608,0.5166666666666667,-34.26666666666666,19,0.00998645168764533
609,0.6,-6.233333333333334,13,0.00998645168764533
610,0.5818181818181818,-15.4,15,0.00998645168764533
611,0.5925925925925926,-4.833333333333335,12,0.00998645168764533
612,0.5882352941176471,-4.7333333333333325,10,0.00998645168764533
613,0.6304347826086957,9.199999999999998,4,0.00998645168764533
614,0.5573770491803278,-27.066666666666666,18,0.00998645168764533
615,0.5833333333333334,-15.2,16,0.00998645168764533
616,0.6041666666666666,-5.366666666666666,12,0.00998645168764533
617,0.58,-9.533333333333333,13,0.00998645168764533
618,0.5714285714285714,-15.366666666666667,17,0.00998645168764533
619,0.6521739130434783,-4.766666666666667,9,0.00998645168764533
620,0.75,9.666666666666668,4,0.00998645168764533
621,0.5081967213114754,-17.633333333333333,16,0.00998645168764533
622,0.5660377358490566,-15.066666666666666,17,0.00998645168764533
623,0.6170212765957447,-8.8,14,0.00998645168764533
624,0.6,-30.0,19,0.00998645168764533
625,0.6590909090909091,3.466666666666667,6,0.00998645168764533
626,0.5166666666666667,-27.199999999999996,19,0.00998645168764533
627,0.4852941176470588,-61.49999999999998,27,0.00998645168764533
628,0.6808510638297872,11.099999999999998,5,0.00998645168764533
629,0.5471698113207547,-17.566666666666663,16,0.00998645168764533
630,0.7073170731707317,9.666666666666668,4,0.00998645168764533
631,0.7837837837837838,8.866666666666665,5,0.00998645168764533
632,0.5272727272727272,-35.66666666666667,20,0.00998645168764533
633,0.5263157894736842,-25.03333333333333,18,0.00998645168764533
634,0.48333333333333334,-29.866666666666664,21,0.00998645168764533
635,0.5769230769230769,-17.23333333333333,16,0.00998645168764533
636,0.6888888888888889,-10.266666666666666,14,0.00998645168764533
637,0.5263157894736842,-15.73333333333333,17,0.00998645168764533
638,0.6274509803921569,1.7666666666666666,8,0.00998645168764533
639,0.6,-23.366666666666667,16,0.00998645168764533
640,0.625,4.96666666666667,8,0.00998645168764533
641,0.5614035087719298,-32.83333333333333,20,0.00998645168764533
642,0.7380952380952381,10.366666666666664,6,0.00998645168764533
643,0.6530612244897959,-13.4,14,0.00998645168764533
644,0.6111111111111112,-10.666666666666666,15,0.00998645168764533
645,0.5849056603773585,-5.966666666666667,13,0.00998645168764533
646,0.509090909090909,-15.833333333333334,13,0.00998645168764533
647,0.673469387755102,-1.2333333333333338,9,0.00998645168764533
648,0.6222222222222222,-0.36666666666666536,9,0.00998645168764533
649,0.6,-4.699999999999998,13,0.00998645168764533
650,0.6111111111111112,-6.733333333333334,14,0.00998645168764533
651,0.7692307692307693,10.600000000000001,3,0.00998645168764533
652,0.5490196078431373,2.3000000000000007,9,0.00998645168764533
653,0.58,-15.766666666666666,16,0.00998645168764533
654,0.6153846153846154,-9.666666666666668,11,0.00998645168764533
655,0.48333333333333334,-42.96666666666667,21,0.00998645168764533
656,0.5454545454545454,-9.100000000000001,15,0.00998645168764533
657,0.6222222222222222,6.066666666666668,4,0.00998645168764533
658,0.5178571428571429,-22.333333333333332,17,0.00998645168764533
659,0.5409836065573771,-29.099999999999998,20,0.00998645168764533
660,0.5849056603773585,-14.666666666666666,16,0.00998645168764533
661,0.5882352941176471,-22.066666666666663,17,0.00998645168764533
662,0.6904761904761905,5.333333333333336,6,0.00998645168764533
663,0.6590909090909091,-8.766666666666666,11,0.00998645168764533
664,0.6470588235294118,-6.866666666666669,12,0.00998645168764533
665,0.6170212765957447,-1.9333333333333345,11,0.00998645168764533
666,0.6341463414634146,1.0666666666666682,8,0.00998645168764533
667,0.6739130434782609,-11.533333333333331,12,0.00998645168764533
668,0.5254237288135594,-29.766666666666662,20,0.00998645168764533
669,0.5961538461538461,-22.43333333333333,15,0.00998645168764533
670,0.5,-46.166666666666664,22,0.00998645168764533
671,0.48333333333333334,-37.099999999999994,22,0.00998645168764533
672,0.47619047619047616,-46.666666666666664,23,0.00998645168764533
673,0.54,-10.566666666666666,14,0.00998645168764533
674,0.5769230769230769,-13.866666666666667,16,0.00998645168764533
675,0.509090909090909,-32.73333333333333,21,0.00998645168764533
676,0.723404255319149,6.766666666666669,7,0.00998645168764533
677,0.5961538461538461,-4.0333333333333306,11,0.00998645168764533
678,0.6530612244897959,-2.433333333333333,9,0.00998645168764533
679,0.6274509803921569,-4.900000000000002,13,0.00998645168764533
680,0.5178571428571429,-33.866666666666674,19,0.00998645168764533
681,0.5384615384615384,-12.2,15,0.00998645168764533
682,0.5769230769230769,-11.2,14,0.00998645168764533
683,0.6170212765957447,-0.36666666666666625,11,0.00998645168764533
684,0.6808510638297872,9.2,4,0.00998645168764533
685,0.4827586206896552,-23.866666666666667,18,0.00998645168764533
686,0.55,-37.13333333333334,22,0.00998645168764533
687,0.6037735849056604,-8.666666666666668,12,0.00998645168764533
688,0.47692307692307695,-49.73333333333333,26,0.00998645168764533
689,0.6071428571428571,-5.666666666666666,11,0.00998645168764533
690,0.47619047619047616,-52.59999999999998,26,0.00998645168764533
691,0.6326530612244898,-7.833333333333332,13,0.00998645168764533
692,0.6956521739130435,13.8,3,0.00998645168764533
693,0.6521739130434783,-11.2,10,0.00998645168764533
694,0.5357142857142857,-26.200000000000003,17,0.00998645168764533
695,0.5,-22.566666666666666,19,0.00998645168764533
696,0.6326530612244898,-14.766666666666666,13,0.00998645168764533
697,0.6808510638297872,-1.3000000000000003,7,0.00998645168764533
698,0.5625,0.7000000000000011,11,0.00998645168764533
699,0.62,-4.033333333333331,12,0.00998645168764533
700,0.62,-10.633333333333333,13,0.00998645168764533
701,0.7692307692307693,16.866666666666664,0,0.00998645168764533
702,0.6153846153846154,-12.566666666666666,14,0.00998645168764533
703,0.5,-35.633333333333326,22,0.00998645168764533
704,0.6444444444444445,-7.6,12,0.00998645168764533
705,0.7333333333333333,12.4,4,0.00998645168764533
706,0.5833333333333334,-4.733333333333334,11,0.00998645168764533
707,0.4918032786885246,-41.06666666666666,23,0.00998645168764533
708,0.6976744186046512,-2.7666666666666666,8,0.00998645168764533
709,0.6153846153846154,-8.766666666666666,12,0.00998645168764533
710,0.7,-0.2999999999999998,9,0.00998645168764533
711,0.58,-1.7763568394002505e-15,10,0.00998645168764533
712,0.6,-0.36666666666666625,10,0.00998645168764533
713,0.52,-26.5,18,0.00998645168764533
714,0.5454545454545454,-21.333333333333336,17,0.00998645168764533
715,0.4307692307692308,-65.76666666666665,30,0.00998645168764533
716,0.5344827586206896,-36.13333333333333,20,0.00998645168764533
717,0.4838709677419355,-33.43333333333333,21,0.00998645168764533
718,0.5833333333333334,-8.333333333333332,10,0.00998645168764533
719,0.5576923076923077,-10.233333333333334,12,0.00998645168764533
720,0.5576923076923077,-15.0,12,0.00998645168764533
721,0.5,-23.43333333333333,18,0.00998645168764533
722,0.6666666666666666,7.166666666666664,5,0.00998645168764533
723,0.6,-33.599999999999994,19,0.00998645168764533
724,0.6304347826086957,-9.433333333333334,11,0.00998645168764533
725,0.5660377358490566,-18.333333333333332,16,0.00998645168764533
726,0.463768115942029,-59.39999999999999,29,0.00998645168764533
727,0.5081967213114754,-34.766666666666666,22,0.00998645168764533
728,0.6170212765957447,-6.699999999999998,11,0.00998645168764533
729,0.559322033898305,-20.366666666666667,16,0.00998645168764533
730,0.5357142857142857,-24.4,19,0.00998645168764533
731,0.5,-40.3,21,0.00998645168764533
732,0.5892857142857143,-13.366666666666667,13,0.00998645168764533
733,0.64,-1.2000000000000002,9,0.00998645168764533
734,0.5961538461538461,-15.7,14,0.00998645168764533
735,0.6666666666666666,2.4333333333333336,9,0.00998645168764533
736,0.5172413793103449,-37.56666666666666,22,0.00998645168764533
737,0.7317073170731707,10.366666666666667,4,0.00998645168764533
738,0.6078431372549019,-5.200000000000001,11,0.00998645168764533
739,0.5263157894736842,-11.399999999999999,15,0.00998645168764533
740,0.5454545454545454,-27.899999999999995,19,0.00998645168764533
741,0.4444444444444444,-66.13333333333334,28,0.00998645168764533
742,0.5714285714285714,-17.766666666666666,16,0.00998645168764533
743,0.6,-18.7,16,0.00998645168764533
744,0.47761194029850745,-56.699999999999996,27,0.00998645168764533
745,0.5166666666666667,-31.799999999999997,20,0.00998645168764533
746,0.5789473684210527,-39.16666666666667,20,0.00998645168764533
747,0.7441860465116279,-2.6333333333333337,8,0.00998645168764533
748,0.6296296296296297,-22.233333333333327,13,0.00998645168764533
749,0.6956521739130435,-7.700000000000001,10,0.00998645168764533
750,0.725,1.5,7,0.00998645168764533
751,0.5535714285714286,-37.03333333333333,20,0.00998645168764533
752,0.4909090909090909,-36.333333333333336,20,0.00998645168764533
753,0.5081967213114754,-45.39999999999999,22,0.00998645168764533
754,0.5777777777777777,-7.299999999999999,10,0.00998645168764533
755,0.5192307692307693,-30.066666666666663,19,0.00998645168764533
756,0.48214285714285715,-33.8,20,0.00998645168764533
757,0.46875,-70.53333333333333,26,0.00998645168764533
758,0.58,-13.7,14,0.00998645168764533
759,0.4444444444444444,-61.1,27,0.00998645168764533
760,0.509090909090909,-28.599999999999998,16,0.00998645168764533
761,0.6046511627906976,-1.833333333333333,7,0.00998645168764533
762,0.56,-12.799999999999999,13,0.00998645168764533
763,0.48936170212765956,-17.900000000000002,15,0.00998645168764533
764,0.5740740740740741,-21.4,17,0.00998645168764533
765,0.5961538461538461,-9.666666666666666,13,0.00998645168764533
766,0.5272727272727272,-25.666666666666664,19,0.00998645168764533
767,0.5689655172413793,-19.5,16,0.00998645168764533
768,0.45,-55.03333333333334,27,0.00998645168764533
769,0.5087719298245614,-27.366666666666667,19,0.00998645168764533
770,0.5918367346938775,-6.133333333333333,11,0.00998645168764533
771,0.5769230769230769,-22.233333333333327,16,0.00998645168764533
772,0.5254237288135594,-26.133333333333333,18,0.00998645168764533
773,0.5245901639344263,-40.16666666666666,22,0.00998645168764533
774,0.66,-1.4999999999999973,11,0.00998645168764533
775,0.5423728813559322,-26.63333333333334,19,0.00998645168764533
776,0.5555555555555556,-20.53333333333333,16,0.00998645168764533
777,0.7045454545454546,2.5000000000000018,10,0.00998645168764533
778,0.5344827586206896,-32.79999999999998,18,0.00998645168764533
779,0.4696969696969697,-49.49999999999999,24,0.00998645168764533
780,0.6,-14.033333333333331,14,0.00998645168764533
781,0.6428571428571429,8.733333333333338,6,0.00998645168764533
782,0.453125,-45.199999999999996,26,0.00998645168764533
783,0.5172413793103449,-37.93333333333333,22,0.00998645168764533
784,0.5370370370370371,-26.766666666666662,19,0.00998645168764533
785,0.64,-4.100000000000001,11,0.00998645168764533
786,0.4603174603174603,-47.03333333333334,25,0.00998645168764533
787,0.6458333333333334,-4.5,11,0.00998645168764533
788,0.6666666666666666,-5.666666666666667,10,0.00998645168764533
789,0.5614035087719298,-17.166666666666664,16,0.00998645168764533
790,0.5,-28.999999999999993,19,0.00998645168764533
791,0.4189189189189189,-76.83333333333333,31,0.00998645168764533
792,0.660377358490566,-4.999999999999999,12,0.00998645168764533
793,0.5357142857142857,-26.866666666666664,19,0.00998645168764533
794,0.7333333333333333,16.53333333333333,3,0.00998645168764533
795,0.5818181818181818,-17.033333333333335,14,0.00998645168764533
796,0.6888888888888889,0.2666666666666666,8,0.00998645168764533
797,0.5660377358490566,-24.566666666666666,17,0.00998645168764533
798,0.5918367346938775,-12.833333333333332,12,0.00998645168764533
799,0.5172413793103449,-20.8,16,0.00998645168764533
800,0.4666666666666667,-43.133333333333326,24,0.00998645168764533
801,0.47619047619047616,-45.16666666666666,23,0.00998645168764533
802,0.6363636363636364,-1.1666666666666679,11,0.00998645168764533
803,0.5357142857142857,-23.466666666666665,16,0.00998645168764533
804,0.6078431372549019,-12.7,13,0.00998645168764533
805,0.5833333333333334,-12.233333333333334,14,0.00998645168764533
806,0.5272727272727272,-44.89999999999999,22,0.00998645168764533
807,0.6274509803921569,-8.766666666666666,10,0.00998645168764533
808,0.5238095238095238,-47.43333333333333,24,0.00998645168764533
809,0.5166666666666667,-44.73333333333333,23,0.00998645168764533
810,0.5849056603773585,-18.666666666666664,15,0.00998645168764533
811,0.6170212765957447,-6.733333333333334,12,0.00998645168764533
812,0.5882352941176471,-19.799999999999997,14,0.00998645168764533
813,0.6153846153846154,-10.7,11,0.00998645168764533
814,0.5471698113207547,-22.266666666666666,16,0.00998645168764533
815,0.6666666666666666,-7.233333333333334,10,0.00998645168764533
816,0.5510204081632653,-28.46666666666666,18,0.00998645168764533
817,0.4745762711864407,-55.066666666666656,24,0.00998645168764533
818,0.4461538461538462,-69.66666666666666,30,0.00998645168764533
819,0.4444444444444444,-58.76666666666665,25,0.00998645168764533
820,0.45901639344262296,-40.9,22,0.00998645168764533
821,0.5254237288135594,-24.799999999999997,15,0.00998645168764533
822,0.6041666666666666,-19.03333333333333,14,0.00998645168764533
823,0.6190476190476191,-4.233333333333335,9,0.00998645168764533
824,0.574468085106383,-7.300000000000002,10,0.00998645168764533
825,0.5686274509803921,-30.266666666666666,18,0.00998645168764533
826,0.6326530612244898,-16.133333333333333,13,0.00998645168764533
827,0.6590909090909091,-2.133333333333332,9,0.00998645168764533
828,0.49230769230769234,-45.8,23,0.00998645168764533
829,0.6410256410256411,2.2666666666666666,7,0.00998645168764533
830,0.5818181818181818,-13.466666666666665,12,0.00998645168764533
831,0.6666666666666666,2.866666666666667,9,0.00998645168764533
832,0.6842105263157895,7.33333333333333,6,0.00998645168764533
833,0.6904761904761905,2.7666666666666657,7,0.00998645168764533
834,0.5686274509803921,-3.7000000000000006,10,0.00998645168764533
835,0.5714285714285714,-10.066666666666666,13,0.00998645168764533
836,0.5185185185185185,-14.366666666666665,13,0.00998645168764533
837,0.5555555555555556,-31.599999999999998,18,0.00998645168764533
838,0.6481481481481481,0.7666666666666675,8,0.00998645168764533
839,0.5961538461538461,-16.9,14,0.00998645168764533
840,0.5454545454545454,-18.93333333333333,15,0.00998645168764533
841,0.5952380952380952,-10.8,12,0.00998645168764533
842,0.5555555555555556,-24.73333333333333,18,0.00998645168764533
843,0.543859649122807,-26.53333333333333,17,0.00998645168764533
844,0.5079365079365079,-59.03333333333332,25,0.00998645168764533
845,0.5370370370370371,-29.4,16,0.00998645168764533
846,0.5636363636363636,-37.23333333333333,21,0.00998645168764533
847,0.5434782608695652,-10.666666666666668,12,0.00998645168764533
848,0.6888888888888889,-2.133333333333334,10,0.00998645168764533
849,0.5483870967741935,-23.799999999999997,19,0.00998645168764533
850,0.5471698113207547,-11.4,15,0.00998645168764533
851,0.6078431372549019,-15.499999999999996,13,0.00998645168764533
852,0.5740740740740741,-22.96666666666666,16,0.00998645168764533
853,0.5660377358490566,-18.93333333333333,13,0.00998645168764533
854,0.46774193548387094,-47.599999999999994,23,0.00998645168764533
855,0.64,5.200000000000001,9,0.00998645168764533
856,0.5882352941176471,-15.33333333333333,14,0.00998645168764533
857,0.6,-3.5666666666666673,11,0.00998645168764533
858,0.7222222222222222,13.200000000000003,2,0.00998645168764533
859,0.673469387755102,3.433333333333332,8,0.00998645168764533
860,0.453125,-51.36666666666666,26,0.00998645168764533
861,0.6122448979591837,-8.066666666666666,14,0.00998645168764533
862,0.543859649122807,-17.033333333333328,15,0.00998645168764533
863,0.6818181818181818,-6.5,8,0.00998645168764533
864,0.5,-50.36666666666666,24,0.00998645168764533
865,0.6226415094339622,-7.333333333333334,12,0.00998645168764533
866,0.6122448979591837,-3.3000000000000007,8,0.00998645168764533
867,0.5087719298245614,-33.39999999999999,18,0.00998645168764533
868,0.6170212765957447,0.9000000000000021,10,0.00998645168764533
869,0.4666666666666667,-45.66666666666665,23,0.00998645168764533
870,0.5909090909090909,-1.8000000000000016,9,0.00998645168764533
871,0.7631578947368421,8.266666666666667,4,0.00998645168764533
872,0.5614035087719298,-44.633333333333326,20,0.00998645168764533
873,0.5925925925925926,-7.2333333333333325,12,0.00998645168764533
874,0.7111111111111111,5.966666666666665,7,0.00998645168764533
875,0.5789473684210527,-25.033333333333328,15,0.00998645168764533
876,0.5535714285714286,-21.566666666666666,19,0.00998645168764533
877,0.5,-44.56666666666666,23,0.00998645168764533
878,0.7441860465116279,-0.6333333333333289,9,0.00998645168764533
879,0.6041666666666666,-9.533333333333333,10,0.00998645168764533
880,0.45161290322580644,-55.13333333333333,25,0.00998645168764533
881,0.58,-24.8,16,0.00998645168764533
882,0.5087719298245614,-41.96666666666667,21,0.00998645168764533
883,0.7567567567567568,3.6333333333333337,5,0.00998645168764533
884,0.49019607843137253,-33.36666666666666,19,0.00998645168764533
885,0.4909090909090909,-44.16666666666667,21,0.00998645168764533
886,0.5094339622641509,-47.20000000000001,20,0.00998645168764533
887,0.5,-31.33333333333334,18,0.00998645168764533
888,0.47540983606557374,-56.5,23,0.00998645168764533
889,0.5740740740740741,-25.33333333333334,15,0.00998645168764533
890,0.58,-32.63333333333334,18,0.00998645168764533
891,0.6,0.03333333333333277,6,0.00998645168764533
892,0.5434782608695652,-11.400000000000004,9,0.00998645168764533
893,0.5490196078431373,-28.333333333333336,16,0.00998645168764533
894,0.5490196078431373,-17.53333333333333,12,0.00998645168764533
895,0.5531914893617021,-21.06666666666667,13,0.00998645168764533
896,0.5483870967741935,-40.83333333333333,21,0.00998645168764533
897,0.5263157894736842,-49.66666666666667,21,0.00998645168764533
898,0.5526315789473685,-7.766666666666665,8,0.00998645168764533
899,0.5490196078431373,-23.5,17,0.00998645168764533
900,0.5909090909090909,-20.43333333333333,14,0.00998645168764533
901,0.5892857142857143,-38.0,19,0.00998645168764533
902,0.6,-21.133333333333333,11,0.00998645168764533
903,0.64,-18.799999999999997,12,0.00998645168764533
904,0.4745762711864407,-40.233333333333334,21,0.00998645168764533
905,0.6382978723404256,-18.433333333333334,13,0.00998645168764533
906,0.4745762711864407,-36.1,20,0.00998645168764533
907,0.5689655172413793,-37.9,19,0.00998645168764533
908,0.5636363636363636,-31.366666666666667,18,0.00998645168764533
909,0.46774193548387094,-58.599999999999994,26,0.00998645168764533
910,0.7111111111111111,-10.833333333333332,10,0.00998645168764533
911,0.64,-7.566666666666667,12,0.00998645168764533
912,0.6739130434782609,-3.1333333333333346,9,0.00998645168764533
913,0.7435897435897436,13.000000000000004,6,0.00998645168764533
914,0.5490196078431373,-9.799999999999997,12,0.00998645168764533
915,0.5254237288135594,-43.96666666666666,21,0.00998645168764533
916,0.6666666666666666,12.466666666666665,6,0.00998645168764533
917,0.6976744186046512,-6.199999999999999,9,0.00998645168764533
918,0.5166666666666667,-23.9,19,0.00998645168764533
919,0.7045454545454546,0.2666666666666675,8,0.00998645168764533
920,0.5714285714285714,-20.866666666666667,16,0.00998645168764533
921,0.6153846153846154,-9.933333333333334,13,0.00998645168764533
922,0.7441860465116279,-0.03333333333333277,7,0.00998645168764533
923,0.6226415094339622,-13.333333333333334,13,0.00998645168764533
924,0.5084745762711864,-30.199999999999992,19,0.00998645168764533
925,0.5409836065573771,-31.63333333333333,19,0.00998645168764533
926,0.6,-5.833333333333332,12,0.00998645168764533
927,0.625,-1.3333333333333286,11,0.00998645168764533
928,0.6226415094339622,-29.466666666666665,17,0.00998645168764533
929,0.6122448979591837,-1.1666666666666652,12,0.00998645168764533
930,0.6363636363636364,0.3999999999999977,10,0.00998645168764533
931,0.6590909090909091,8.533333333333335,7,0.00998645168764533
932,0.5245901639344263,-41.133333333333326,22,0.00998645168764533
933,0.6875,-9.9,11,0.00998645168764533
934,0.5769230769230769,-6.666666666666668,13,0.00998645168764533
935,0.5636363636363636,-23.6,16,0.00998645168764533
936,0.6595744680851063,-9.266666666666666,11,0.00998645168764533
937,0.6363636363636364,6.566666666666668,6,0.00998645168764533
938,0.6363636363636364,12.166666666666668,5,0.00998645168764533
939,0.6666666666666666,2.0666666666666673,9,0.00998645168764533
940,0.5087719298245614,-36.8,22,0.00998645168764533
941,0.6274509803921569,-4.133333333333334,10,0.00998645168764533
942,0.5283018867924528,-17.366666666666667,15,0.00998645168764533
943,0.5740740740740741,-16.299999999999997,14,0.00998645168764533
944,0.5660377358490566,-16.266666666666666,15,0.00998645168764533
945,0.6829268292682927,6.633333333333333,6,0.00998645168764533
946,0.4918032786885246,-36.36666666666666,20,0.00998645168764533
947,0.5370370370370371,-30.733333333333334,19,0.00998645168764533
948,0.5087719298245614,-27.599999999999994,19,0.00998645168764533
949,0.5689655172413793,-38.10000000000001,21,0.00998645168764533
950,0.6808510638297872,-0.8666666666666689,10,0.00998645168764533
951,0.4909090909090909,-36.43333333333333,22,0.00998645168764533
952,0.6818181818181818,1.8333333333333321,9,0.00998645168764533
953,0.5245901639344263,-39.233333333333334,23,0.00998645168764533
954,0.45454545454545453,-59.56666666666668,26,0.00998645168764533
955,0.64,2.933333333333332,8,0.00998645168764533
956,0.5172413793103449,-29.03333333333333,22,0.00998645168764533
957,0.5306122448979592,-7.766666666666666,12,0.00998645168764533
958,0.6,-24.166666666666668,16,0.00998645168764533
959,0.5555555555555556,-26.9,20,0.00998645168764533
960,0.5636363636363636,-18.03333333333333,17,0.00998645168764533
961,0.5769230769230769,-21.233333333333334,16,0.00998645168764533
962,0.5961538461538461,-16.433333333333334,17,0.00998645168764533
963,0.5344827586206896,-20.066666666666666,16,0.00998645168764533
964,0.543859649122807,-31.43333333333333,20,0.00998645168764533
965,0.6739130434782609,4.066666666666667,5,0.00998645168764533
966,0.6521739130434783,-2.8666666666666627,11,0.00998645168764533
967,0.5818181818181818,-6.633333333333333,12,0.00998645168764533
968,0.5769230769230769,-6.999999999999999,13,0.00998645168764533
969,0.5740740740740741,-4.466666666666667,11,0.00998645168764533
970,0.5238095238095238,-37.733333333333334,22,0.00998645168764533
971,0.5882352941176471,-15.033333333333333,15,0.00998645168764533
972,0.631578947368421,9.166666666666666,6,0.00998645168764533
973,0.5245901639344263,-25.266666666666662,18,0.00998645168764533
974,0.6511627906976745,-5.233333333333332,12,0.00998645168764533
975,0.5471698113207547,-24.633333333333333,18,0.00998645168764533
976,0.5849056603773585,-21.1,17,0.00998645168764533
977,0.5833333333333334,-20.4,16,0.00998645168764533
978,0.5344827586206896,-20.566666666666666,17,0.00998645168764533
979,0.5263157894736842,-26.433333333333334,19,0.00998645168764533
980,0.5370370370370371,-4.833333333333336,13,0.00998645168764533
981,0.6530612244897959,-2.4666666666666677,10,0.00998645168764533
982,0.5892857142857143,-29.266666666666666,20,0.00998645168764533
983,0.5263157894736842,-18.233333333333334,17,0.00998645168764533
984,0.5740740740740741,-13.766666666666666,15,0.00998645168764533
985,0.5535714285714286,-24.1,18,0.00998645168764533
986,0.6875,-11.966666666666665,12,0.00998645168764533
987,0.4918032786885246,-49.53333333333334,26,0.00998645168764533
988,0.5,-22.799999999999997,17,0.00998645168764533
989,0.6078431372549019,-7.133333333333333,12,0.00998645168764533
990,0.5344827586206896,-30.599999999999994,20,0.00998645168764533
991,0.5,-38.8,21,0.00998645168764533
992,0.6976744186046512,9.233333333333336,5,0.00998645168764533
993,0.6296296296296297,-2.8666666666666685,11,0.00998645168764533
994,0.5535714285714286,-21.066666666666666,16,0.00998645168764533
995,0.6595744680851063,-6.433333333333336,12,0.00998645168764533
996,0.6470588235294118,0.5666666666666691,7,0.00998645168764533
997,0.6595744680851063,6.299999999999999,7,0.00998645168764533
998,0.5686274509803921,-10.766666666666666,12,0.00998645168764533
999,0.5714285714285714,-6.699999999999999,13,0.00998645168764533
